lon,lat,obs
-101.9691922,31.2059844,1
-101.9269126,32.0722749,2
-101.6559194,30.8738668,21
-101.5601204,33.1811653,2
-101.27834,42.58918,1
-101.2407759,29.9214837,19
-100.9324384,35.7036488,2
-100.9172129,31.1844187,18
-100.8301009,34.9337877,3
-100.807184,42.885798,1
-100.7371219,34.6030047,10
-100.6989509,33.3563297,11
-100.6472268,32.0702794,13
-100.6269467,32.8875543,4
-100.4213549,29.6237867,100
-100.2958909,31.3901587,2
-100.2140109,30.0156927,50
-100.1916929,34.4180504,19
-100.0117796,29.5379301,27
-99.998886100000007,42.5928366,3
-99.9762579,34.9870807,18
-99.9683619,40.3070527,3
-99.966803,40.17592,27
-99.8933569,34.5047657,17
-99.8852919,35.2628247,19
-99.7351069,35.4656557,11
-99.72838,27.7100642,44
-99.7137839,34.915100700000004,13
-99.7103499,30.3038597,66
-99.6617889,38.2040337,6
-99.6563415,33.3645608,4
-99.6464549,39.7266067,3
-99.618303,28.355252,46
-99.5786444,36.2392945,24
-99.5652708,31.2869724,26
-99.5393332,29.5611028,19
-99.5023032,40.9376453,1
-99.480072,42.52146,1
-99.4624293,42.021567,2
-99.4476549,30.9858627,57
-99.4248794,31.5930797,63
-99.3626644,36.9436159,16
-99.2729117,32.2195028,72
-99.2722929,37.1645227,4
-99.266437,27.9766671,40
-99.2540059,39.7702227,9
-99.2348417,38.3193226,8
-99.1899265,33.9054886,2
-99.184518,28.673182,53
-99.1642919,31.5020577,56
-99.1490406,30.3551169,50
-99.1420313,29.3597192,39
-99.1330879,32.8297577,25
-98.9776363,38.4636553,5
-98.9734152,33.8940928,15
-98.9698489,27.3221067,46
-98.9547729,34.8702507,23
-98.9119712,36.187590899999996,39
-98.8760679,40.6406757,15
-98.8298029,37.5142707,10
-98.8220264,27.0738442,27
-98.7819333,34.7527798,40
-98.7751403,38.6813229,1
-98.7508415,39.3447742,18
-98.7351553,30.9594551,41
-98.7032699,41.9425827,1
-98.6769859,42.6534207,11
-98.6673129,40.6184587,11
-98.6520979,31.6159727,104
-98.6494589,29.8739777,40
-98.6416779,29.0939087,43
-98.613168,40.016809,18
-98.6026759,26.9019917,42
-98.5988124,42.7695353,5
-98.5401769,34.1880867,4
-98.5225,34.73613,36
-98.5051649,27.2961057,13
-98.389974,32.9898499,91
-98.38854,28.6737143,23
-98.3699292,32.6265908,93
-98.3175579,28.2807187,73
-98.3157739,34.0984847,20
-98.1724883,31.4345362,47
-98.135998,26.8901748,35
-98.1198269,28.5116467,60
-98.0582098,30.2495701,70
-98.0495578,32.1649434,58
-98.0448208,31.1320902,86
-98.0363319,41.8865107,7
-98.0351929,38.5515107,50
-97.993562,31.283585,56
-97.9801349,29.2751357,73
-97.9666688,28.9215455,60
-97.9539527,42.6988061,11
-97.9466526,27.5323198,21
-97.921498,40.901504,17
-97.877868,26.161672,3
-97.8751124,43.284162,1
-97.8588019,34.3763967,55
-97.833989,42.049167,25
-97.8146904,32.2930094,128
-97.7494969,29.8219637,32
-97.7298261,32.6900934,119
-97.7044919,26.5333227,11
-97.695112,27.3477527,20
-97.6918713,35.7693995,17
-97.6123773,39.1902871,9
-97.5857079,30.6915827,44
-97.5577459,40.2199177,17
-97.557639,30.341063,10
-97.5540547,33.2866481,14
-97.4981958,32.3141319,25
-97.478191,35.551189,107
-97.4706489,27.6881977,4
-97.4634159,37.7959759,26
-97.460791,33.0581596,28
-97.4574519,34.4198537,79
-97.426047,41.829804,4
-97.4236139,35.1750957,57
-97.3687519,38.9147327,26
-97.3498079,41.1630727,23
-97.349158,37.3190352,87
-97.3490589,26.2449087,21
-97.2713009,33.5610847,42
-97.2582029,37.2322087,77
-97.2409279,31.3255877,58
-97.228214,30.070998,107
-97.2202749,28.781686,112
-97.2078887,38.2039494,28
-97.1945039,41.4820177,13
-97.160194,28.03785,24
-97.1583399,40.8872417,25
-97.1483412,29.2133329,56
-97.1112208,39.0607981,26
-97.0259942,29.7858555,136
-97.0124144,39.9367553,23
-96.9354075,29.0185167,162
-96.9117521,38.5224225,25
-96.9002609,38.9939527,79
-96.8711409,39.9000807,25
-96.8055652,32.7295462,41
-96.787429,42.60783,2
-96.7585531,33.6818377,54
-96.7354923,42.1915702,8
-96.7200416,30.7618885,88
-96.6532289,30.2009897,100
-96.6110675,31.3143036,62
-96.5605733,38.3623234,25
-96.550258,29.513077,45
-96.540489,41.952142,5
-96.508686,31.283557,50
-96.434896,35.1013362,90
-96.4347911,37.7958024,39
-96.3936159,37.9847547,4
-96.388121,40.088258,29
-96.3743819,42.4902437,10
-96.312527,40.928807,53
-96.2929845,35.9702777,43
-96.287056,41.153717,13
-96.2756889,43.2574697,1
-96.2228399,31.8611947,40
-96.2152819,28.6112037,33
-96.1971289,30.5287787,87
-96.1830378,43.5872765,3
-96.1349747,32.5698812,19
-96.1218109,35.7262277,76
-96.1012279,37.3003447,10
-96.08125,41.34351,19
-96.0804439,29.7269807,29
-96.0668798,40.4650912,17
-96.0651288,33.3677874,98
-96.0624096,36.7671854,6
-96.0493689,36.3614547,24
-96.0269519,39.7690906,26
-95.9888795,46.4410069,1
-95.9711149,31.8546877,92
-95.935571,40.058857,16
-95.9097289,38.9715017,47
-95.8749629,31.8055475,52
-95.8646727,46.1225194,1
-95.8576087,38.5354618,41
-95.831598,29.7863554,41
-95.8134099,36.4091897,21
-95.8000355,30.7848996,95
-95.7947529,40.5520447,35
-95.7806629,35.1738817,34
-95.7686619,28.7496887,52
-95.7430805,32.1808084,60
-95.7027429,33.6972087,13
-95.6260432,30.6060845,69
-95.618782,29.1806007,96
-95.6139832,28.9083337,61
-95.5671042,39.0805438,51
-95.5347369,39.251508,60
-95.5021369,30.5338929,24
-95.5008159,37.8493327,33
-95.4488589,37.3690207,37
-95.3548669,34.5284297,21
-95.3249979,37.5148587,53
-95.3001789,31.5634237,76
-95.2839819,32.0682917,77
-95.2442265,29.1267731,46
-95.2272709,39.7839097,21
-95.1259581,40.6242636,34
-95.1256319,36.917343700000004,49
-95.1212223,38.680958,16
-95.0331182,40.025462,12
-94.944187,39.439109,29
-94.9309459,34.5280637,39
-94.8876259,35.8426817,68
-94.8524242,40.0840684,16
-94.846167,44.499148,2
-94.78207,34.2484599,14
-94.7471681,33.3601066,55
-94.7071599,34.5662622,19
-94.700216,30.681046,63
-94.6982489,36.9292257,71
-94.6654829,39.6539807,50
-94.653845,34.3930749,13
-94.6223207,34.7654129,6
-94.6125164,38.215197,61
-94.571273,42.041859,6
-94.5655139,33.9247807,40
-94.550529,30.2728898,49
-94.5202804,31.8819446,122
-94.5044339,33.5678857,12
-94.5010299,39.3970207,70
-94.4007057,29.7343527,5
-94.365017,46.754647,2
-94.350659,36.995397,47
-94.344402,35.615095,31
-94.3415601,29.6706502,9
-94.3318236,35.3514159,31
-94.307851,43.5872553,1
-94.305307,34.462149,16
-94.3011859,44.3009187,10
-94.295246,42.6019638,1
-94.282506,38.645253,7
-94.2388636,36.5642282,17
-94.201898,40.172626,45
-94.196858,45.1642488,19
-94.1845047,30.5957539,60
-94.1555047,32.4388568,9
-94.1444549,41.6586017,23
-94.1422189,40.1002567,30
-94.1229479,33.6969877,48
-94.1191991,37.1404034,53
-94.1050404,38.6698532,63
-94.0899029,30.7962929,39
-94.0861889,41.7176327,10
-94.0440279,34.9704407,9
-94.0432501,29.9141577,47
-94.040652,37.537148,89
-94.0314709,44.6299537,15
-94.0095139,43.2388517,1
-94.006856,33.782848,79
-93.9744951,32.0735964,86
-93.9263149,31.6172317,63
-93.9101019,36.6608617,18
-93.8828669,45.6049323,8
-93.8518459,37.7705887,40
-93.8401499,38.1949807,51
-93.8210314,35.6923427,27
-93.8041794,39.3300772,48
-93.726898,37.396993,38
-93.689266,34.65949,13
-93.68179,35.075027,49
-93.6694105,33.6627163,60
-93.6640897,35.4263985,50
-93.6459209,30.7308697,71
-93.6014381,46.3671876,2
-93.586986,30.161849,68
-93.5734938,31.6696396,62
-93.5563439,40.0903817,25
-93.513291,37.4542087,49
-93.4958419,31.0660928,58
-93.482775,32.5540378,38
-93.471591,44.974215,36
-93.4714512,45.1025755,34
-93.4706879,33.3755757,40
-93.469628,38.372932,33
-93.4428329,31.9877557,83
-93.4248279,35.1599347,10
-93.3981849,36.8802807,52
-93.361368,30.085044,61
-93.3469609,42.1663807,4
-93.338346,40.466853,25
-93.3337301,44.6596006,22
-93.3184289,30.8315727,48
-93.2948547,35.6440029,12
-93.2802279,36.1206137,16
-93.2513959,34.0344927,23
-93.2211229,38.4464167,18
-93.1717427,40.8887105,8
-93.1678412,30.4099932,53
-93.1474655,31.4823534,96
-93.1267409,39.7948327,21
-93.105827,36.536803,31
-93.103781,41.4022592,44
-93.0208129,45.9187187,1
-93.0194666,43.6884582,6
-93.0158239,29.7706489,30
-92.9744729,36.6429207,12
-92.967494,33.454572,36
-92.963258,31.5639297,82
-92.962092,30.2754072,27
-92.9258039,37.5143127,54
-92.900614,38.2794376,22
-92.8864804,40.6527332,26
-92.8345789,37.3383177,58
-92.8007333,34.7023815,33
-92.7478269,45.0280407,5
-92.7182699,35.6330837,31
-92.6974039,33.5907857,30
-92.633333,34.35,30
-92.5999229,38.1619747,64
-92.5966809,29.9956057,51
-92.5567869,39.4294496,46
-92.554325,40.402616,20
-92.547115,39.026638,62
-92.5292739,43.6016207,13
-92.5154419,40.1681387,5
-92.5003493,36.857026,44
-92.4966959,40.0661717,13
-92.4508969,30.0808747,50
-92.442323,35.939336,31
-92.441823,37.937149,19
-92.434843,38.5860411,47
-92.4323269,30.6521557,95
-92.4279399,44.6509917,9
-92.36526,38.322228,54
-92.3572989,41.8190707,19
-92.3460469,32.3059287,38
-92.3452484,44.5207119,8
-92.31192,31.486387,56
-92.3067829,29.5532551,19
-92.2602299,41.6735997,11
-92.2585749,43.3492727,12
-92.2329247,29.8458497,54
-92.1893609,39.4571477,31
-92.154503,37.618747,24
-92.1260979,32.0511467,43
-92.1148009,36.4061087,38
-92.091025,43.89763,25
-92.0510279,31.8183596,56
-92.001796,34.559183,37
-91.989433,44.05684,5
-91.9847259,38.0833137,17
-91.9569658,29.9842321,62
-91.9109869,31.9003707,51
-91.875498,43.095187,4
-91.824506,36.56879,55
-91.823103,40.583201,23
-91.8218079,46.0670957,1
-91.815904,39.832371,57
-91.8060379,38.3512407,31
-91.7164602,40.4712811,20
-91.7077371,34.7008083,14
-91.6956394,42.2119974,26
-91.6904455,43.8139858,18
-91.6865341,36.8637267,35
-91.6797963,40.7698922,27
-91.6793739,44.4009957,19
-91.658032,35.373736,39
-91.65069,32.385442,52
-91.6352162,30.3686157,72
-91.627441,32.551556,50
-91.6100939,38.9160367,55
-91.5965299,31.7369095,61
-91.556756,39.6396973,23
-91.5529269,37.3759607,14
-91.5183169,32.9737057,48
-91.5109166,30.8692521,93
-91.5101169,30.3986037,102
-91.4995419,34.0487397,96
-91.4793629,45.3129597,4
-91.4440435,31.9792958,47
-91.4269719,32.4856776,37
-91.4239279,37.9039787,18
-91.4172439,42.1986127,3
-91.3711239,44.0129837,47
-91.366531,32.3123624,50
-91.3426352,35.9114603,52
-91.3051159,45.8488177,1
-91.2948909,43.5007917,26
-91.271917,37.967583,29
-91.2703838,41.5687389,24
-91.2622069,32.8550727,34
-91.253776,38.454195,26
-91.251362,41.7287592,28
-91.2159803,39.5296983,22
-91.2112109,30.4743657,57
-91.1957095,30.4128796,60
-91.1942679,45.7114417,1
-91.1829978,40.2137205,12
-91.1801812,30.4157544,95
-91.1438533,39.1033113,18
-91.1273048,40.0572405,19
-91.1258789,44.9295287,9
-91.1039109,30.9782167,69
-91.0779429,43.0674397,7
-91.05911,31.84267,40
-91.0309594,37.5165109,3
-91.0057829,43.7898747,20
-90.99072,29.6872546,37
-90.9894119,36.7289917,18
-90.9814019,40.6514497,14
-90.9601049,42.8165957,24
-90.9431159,38.4847647,48
-90.9416869,30.2694157,58
-90.9316336,40.0179525,24
-90.9214239,29.9029097,51
-90.901184,33.6867588,37
-90.9006359,41.0847167,17
-90.890831,39.225067,37
-90.89045,32.282286,66
-90.8675449,43.5329127,17
-90.84771,32.34472,69
-90.749474,32.1287076,39
-90.7479869,36.5936897,50
-90.7422119,43.3269947,14
-90.7326251,30.8571966,78
-90.7309499,44.4222277,1
-90.684515,34.7364157,61
-90.6809479,35.4848667,18
-90.6744,32.38947,45
-90.6626669,43.0391137,14
-90.6467484,37.6701567,21
-90.6070319,42.0435847,17
-90.5588309,29.7559597,90
-90.558115,37.671966,29
-90.550608,39.2888385,34
-90.5490559,36.9623781,3
-90.5367439,45.0884697,1
-90.5307719,41.3410603,16
-90.5110779,30.7018587,84
-90.5087794,40.8602881,10
-90.5065699,34.9269397,45
-90.4983459,34.4218377,50
-90.4577249,34.5002597,62
-90.4357819,42.5180847,1
-90.4109104,39.799577,35
-90.4058819,39.8173797,8
-90.3827969,44.1973007,7
-90.3574219,44.8143967,6
-90.3552409,43.7857987,19
-90.3451209,39.9897988,4
-90.3074923,37.2598585,28
-90.30616,32.35975,35
-90.2964159,41.9751747,11
-90.2867129,35.5182227,18
-90.2808839,42.3972257,17
-90.2491541,30.8801251,78
-90.248525,36.119345,44
-90.2112029,42.9378547,20
-90.2094039,43.8227657,14
-90.1939619,33.9855857,49
-90.1935199,32.8000347,44
-90.1872869,45.6572627,1
-90.1660041,39.4187241,54
-90.146244,30.832203,37
-90.1416549,33.7693377,35
-90.1357207,40.3045239,13
-90.097125,33.2231312,38
-90.0875099,45.3240447,1
-90.0763459,37.6791707,48
-90.0650949,44.6989087,5
-90.0603721,42.2101956,27
-90.043274,32.0948643,47
-90.0331516,40.9170762,8
-90.0300702,41.3974197,16
-90.000225,35.901224,9
-89.9669461,29.6924898,50
-89.9655699,42.6391427,15
-89.8675417,32.5813361,23
-89.8669289,43.4457507,25
-89.8554319,44.4454137,11
-89.8453979,30.2700817,75
-89.8313118,39.3988002,9
-89.8249757,40.0839936,7
-89.8193422,38.5256201,25
-89.8113619,34.8019937,43
-89.8075467,37.2408609,63
-89.7938841,40.9305488,6
-89.7704347,41.3504896,31
-89.7648861,42.1401616,26
-89.7510457,39.9548261,24
-89.7475091,37.9708433,50
-89.7223899,33.6380917,26
-89.7137542,30.7939126,25
-89.7085965,41.3356226,28
-89.7037028,38.320123,10
-89.6888585,34.9641831,45
-89.6694319,41.8306867,36
-89.6668479,43.0002617,13
-89.6657014,40.6004653,31
-89.663654,36.125139,6
-89.6369409,45.3150927,2
-89.61418,32.92994,29
-89.6124889,33.7956097,14
-89.5982599,44.0829597,10
-89.5364836,38.6981367,21
-89.5292049,43.5621967,20
-89.528728,37.039352,36
-89.526555,37.3066269,49
-89.5158088,39.5753678,12
-89.5109799,30.6193407,84
-89.4892659,44.6134037,12
-89.4857109,32.3251307,45
-89.4568609,41.1849333,15
-89.4517437,39.5535471,29
-89.4379279,36.4175101,22
-89.4243639,40.4972564,16
-89.3902589,33.5589457,25
-89.3901378,38.8433817,26
-89.3824309,35.5377957,32
-89.3817229,42.4617907,41
-89.3754293,35.0517759,56
-89.364692,36.3065622,20
-89.334166,35.6893173,32
-89.3321502,42.1593177,41
-89.3175167,40.6045464,16
-89.2943026,38.3511978,18
-89.2701391,31.0534826,116
-89.2690071,39.4800841,3
-89.2477946,36.8252566,23
-89.2274789,43.5381577,42
-89.2120306,31.9621774,19
-89.2049844,39.3998674,8
-89.1849649,34.3507798,19
-89.13321,33.56245,24
-89.1297627,40.2639127,10
-89.1280059,43.9129677,22
-89.1251229,45.6998027,1
-89.1104419,42.5113107,86
-89.1031668,33.1294539,18
-89.1019294,32.5602847,31
-89.0850451,39.8529571,18
-89.0833869,41.4844552,12
-89.0787139,35.3612207,28
-89.0775209,37.8620527,37
-89.0756312,42.0711057,14
-89.0520699,44.2134397,18
-89.0411229,43.4580257,13
-89.0175725,41.6502254,7
-88.9513789,44.4254667,13
-88.95069,40.9275498,4
-88.9472487,37.2950124,27
-88.9437782,37.3198861,72
-88.9391789,44.9221977,7
-88.9154674,42.3994754,28
-88.9027887,35.9420253,33
-88.9008629,43.4992847,23
-88.8718234,40.7542777,15
-88.86494,34.08999,50
-88.8622638,36.9068375,22
-88.8325718,41.0834818,15
-88.8148959,35.3431047,26
-88.7992689,30.4987757,23
-88.7788779,44.6191537,6
-88.7750249,45.4638297,1
-88.7684399,30.8158367,44
-88.7460735,40.2822428,7
-88.7352209,43.4565557,22
-88.7095809,42.9178507,27
-88.704253,44.0331367,27
-88.68449,42.04939,20
-88.6754284,40.8985328,5
-88.6689458,39.9526337,7
-88.6571809,33.8691757,18
-88.6241136,33.1507326,27
-88.5977339,34.2998857,17
-88.5903464,41.311436,25
-88.5743214,41.530722,13
-88.5637682,40.7143846,1
-88.5584799,40.0787817,9
-88.5485594,35.4115013,12
-88.540244,42.458064,22
-88.5063589,37.5997248,20
-88.4804309,43.6162427,33
-88.4356718,41.5971421,3
-88.4287356,38.6772904,13
-88.3865649,39.6153298,42
-88.38516,31.2926075,45
-88.3523559,30.942277700000002,79
-88.3351209,43.6599137,26
-88.3172665,32.1307226,61
-88.314377,36.178722,12
-88.2762261,42.9592306,23
-88.2670255,39.3671938,13
-88.233672,38.248185,20
-88.2207774,31.1365731,47
-88.2081104,38.0393916,19
-88.195176,39.3149204,24
-88.1879809,41.9335847,54
-88.1852819,41.1663407,2
-88.1808759,36.6896267,58
-88.1726309,44.8797447,24
-88.1712189,33.4765537,31
-88.1671198,33.6853138,38
-88.1644941,37.4674888,47
-88.159086,46.0873471,1
-88.1229309,32.6807827,47
-88.1123348,30.248466,16
-88.103613,39.8947071,11
-88.0675579,34.2884067,24
-88.0496139,44.3429157,15
-88.0246848,39.1055838,18
-88.0179749,45.5054967,1
-88.0092154,33.2811827,20
-88.0066271,36.3584295,30
-87.9862509,42.8005177,42
-87.969378,30.688444,34
-87.9675978,40.2509834,5
-87.964599,41.468659100000004,34
-87.908702,42.0160676,37
-87.8918599,44.1095107,16
-87.8785709,43.3759057,25
-87.8743129,45.4469757,1
-87.8359539,32.2782397,58
-87.8350582,31.0706664,89
-87.8205274,33.1379607,21
-87.7777573,39.318607,30
-87.7767179,31.7097587,32
-87.7643955,32.8055085,22
-87.7621469,34.1311637,13
-87.7299991,30.3038647,51
-87.724604,40.6463646,10
-87.706176,39.4014967,25
-87.7016689,44.0520617,28
-87.6947489,37.7163597,16
-87.6852374,35.1607149,27
-87.6791989,35.4941757,12
-87.6771392,37.592793,30
-87.6692368,39.1467916,42
-87.6425339,44.5887327,13
-87.6374375,30.803493,76
-87.6361759,31.7459607,41
-87.6297459,37.9142237,25
-87.614777900000007,45.8394617,2
-87.6041417,34.868688,89
-87.6024375,30.370222,56
-87.5888357,33.8481773,18
-87.5816027,41.2187664,20
-87.5396719,40.0813067,47
-87.5381089,32.4128107,73
-87.5183917,30.2816323,32
-87.4511851,41.0474227,6
-87.4410458,37.9911389,39
-87.4241383,33.2638251,32
-87.3919892,38.0976637,37
-87.3907904,34.4236313,18
-87.3837235,34.7961251,41
-87.3792753,32.1930088,63
-87.3743359,39.3319867,38
-87.3693435,41.3911052,6
-87.3633993,40.6790779,8
-87.3561447,39.9820787,22
-87.3525878,37.1070839,41
-87.3322,37.2448,33
-87.331989,37.2446037,31
-87.3276749,35.8791357,28
-87.2158334,32.442715,26
-87.2090516,31.7399574,28
-87.2001879,41.3297597,16
-87.1967394,41.5361624,19
-87.1850279,38.5758877,41
-87.1440788,35.3492078,14
-87.1438756,39.5330205,24
-87.1287007,38.6841567,47
-87.1203132,31.3180673,33
-87.1007539,33.1156047,43
-87.0748779,40.9699502,2
-87.0654001,31.2283931,57
-87.0592352,34.0297881,67
-87.0543672,39.125475,18
-87.0361216,40.4076491,11
-87.0088713,36.664255,51
-87.0044623,33.5263185,25
-86.9969029,36.1745577,30
-86.9887629,34.9292307,64
-86.9325362,41.70464,21
-86.9307629,45.3659387,21
-86.8961593,37.8199855,45
-86.8721632,33.6822947,87
-86.8508149,41.6367797,8
-86.8259959,35.8589627,31
-86.8202889,38.4150437,32
-86.8139639,40.7078507,25
-86.7647789,38.7744667,46
-86.7118894,32.3276808,41
-86.70906,45.9415397,1
-86.7031329,39.2638847,38
-86.6959256,40.1495187,30
-86.6658089,36.5086597,29
-86.6657259,35.3350377,20
-86.6604516,34.8223669,56
-86.6314152,36.9907469,22
-86.6205339,41.2735266,18
-86.6010915,33.4549551,70
-86.5765829,39.9080857,6
-86.5697685,32.4860839,19
-86.5500939,41.8738037,15
-86.5484989,38.7671667,46
-86.4873841,39.9443431,29
-86.4734413,34.2126918,51
-86.455486,30.965694,77
-86.4502189,40.1985767,18
-86.4457647,33.718519,50
-86.4011865,39.0147985,10
-86.3813006,33.8564625,35
-86.3655159,41.6368887,7
-86.3429849,39.0791429,29
-86.3369279,36.9261037,36
-86.3312989,33.2905307,46
-86.2808379,41.0254887,12
-86.2754989,32.1312407,39
-86.2366709,43.4369027,17
-86.2186454,43.9040607,3
-86.2030371,34.8680404,52
-86.1929939,38.9190517,30
-86.1842198,40.5842651,17
-86.1676666,35.7357596,34
-86.1573541,33.3180161,43
-86.1463592,38.2672943,27
-86.1387677,37.2573275,16
-86.1283614,44.4308,7
-86.1160696,30.7184797,60
-86.1153789,33.8116977,57
-86.1117753,32.822371,37
-86.0994295,31.2223969,92
-86.0738369,42.6234117,18
-86.0671689,34.9895137,34
-86.0560979,40.2178547,20
-86.0308829,42.0832547,25
-86.0179129,37.6179677,26
-85.9410399,38.6631267,40
-85.9323092,34.3086241,37
-85.9287299,39.0836543,32
-85.9258408,33.1913463,30
-85.9158515,35.3801394,29
-85.9044039,40.8532797,31
-85.8872149,43.0602167,25
-85.8711729,32.4341515,42
-85.8594579,34.7575557,33
-85.84451,40.5079491,18
-85.8354611,41.1013504,28
-85.8088908,44.7824305,44
-85.8031169,44.1177897,3
-85.780054,30.8137132,140
-85.7760939,39.5621707,17
-85.7511714,33.6076572,27
-85.7505398,41.7653686,35
-85.7471699,38.6347156,37
-85.7466579,33.6296357,50
-85.7419899,30.9498107,150
-85.7373309,37.5839876,37
-85.7234329,42.0493317,46
-85.7169959,36.8194377,28
-85.7117159,37.8249387,30
-85.7110414,34.0278089,22
-85.7051469,36.0984567,32
-85.692643,32.580056,52
-85.6760109,41.7259077,24
-85.6700349,36.5041157,42
-85.6693511,35.1735485,27
-85.6508719,31.6676037,91
-85.5895835,31.3388298,85
-85.565583,34.5810567,22
-85.5530853,32.3116131,67
-85.5449749,40.0330447,33
-85.497565,34.6117851,53
-85.4900279,41.0188097,10
-85.4765733,41.750602,20
-85.4688349,39.6847217,8
-85.4654859,42.5738567,28
-85.450491,33.9413322,38
-85.4421615,39.4677041,27
-85.4353239,43.7069417,9
-85.424102,34.7223756,37
-85.4136135,42.2526585,42
-85.4115544,31.0322875,24
-85.4057859,43.7144577,21
-85.3637195,35.1093452,33
-85.3574289,40.1346467,45
-85.3516521,44.8226403,7
-85.3463759,34.6689717,60
-85.3003555,29.7818335,20
-85.2869789,30.3372497,81
-85.2699359,36.7007807,40
-85.2558091,31.7296264,49
-85.2426415,30.5335474,120
-85.2388079,40.4066967,6
-85.2195466,33.6511789,41
-85.215292,29.6796829,10
-85.2112631,31.0081277,106
-85.2044589,32.8854647,22
-85.2042619,38.2698117,32
-85.193661,43.1119365,59
-85.1666632,35.3018852,16
-85.1623379,38.9509067,25
-85.134166,42.5960376,26
-85.1334541,30.5288404,126
-85.1284099,37.4126457,39
-85.1256579,43.5961937,12
-85.0940693,38.7795826,28
-85.0906911,39.9464269,53
-85.0626449,32.1473077,67
-85.0490155,34.3863104,75
-85.0052085,30.3242578,53
-84.9933879,36.6171577,31
-84.9764184,39.493804,22
-84.9762879,29.9877641,12
-84.9734875,31.8866376,57
-84.9394079,41.6024567,11
-84.9237731,41.0798684,19
-84.8855164,33.6361338,77
-84.8534885,40.7030618,18
-84.8521349,39.6830387,33
-84.8339909,36.8211687,34
-84.8112865,37.470864,28
-84.7868559,34.0545254,49
-84.7793129,40.2671711,8
-84.7282157,34.566415,42
-84.7241329,30.8576446,30
-84.7198949,31.7456477,64
-84.6928996,31.9559887,67
-84.6889719,35.0073537,13
-84.6652972,39.493375,74
-84.6639032,30.387698,17
-84.6612332,37.390468,42
-84.6600329,43.0899857,12
-84.6552242,30.2634445,16
-84.5636584,32.3152912,90
-84.5235839,43.1829747,11
-84.5147859,41.6511517,8
-84.5124264,34.906261,48
-84.4948117,32.9365857,27
-84.4869421,43.72725,19
-84.4810583,33.1817632,60
-84.4592036,33.5364364,71
-84.4158115,32.8593849,24
-84.4058069,31.2906127,107
-84.3965529,35.3452907,31
-84.391869,34.346124,23
-84.3898389,41.5501237,14
-84.3613059,36.2936637,16
-84.3482669,36.0487507,29
-84.340943,29.9468226,25
-84.2932022,36.4907462,20
-84.2837106,33.382002,57
-84.2682799,32.1823297,49
-84.2305069,35.3429377,5
-84.2188269,33.6307147,79
-84.1820229,42.7647917,19
-84.1687459,42.5834987,36
-84.1514213,35.9135129,57
-84.1360999,40.0778757,21
-84.1150501,43.3437119,37
-84.0731922,31.1234736,43
-84.0687099,34.7642707,28
-84.0681929,38.1661827,51
-84.0413094,30.5950194,175
-84.027055,38.030439200000004,68
-84.0168649,31.7538576,80
-84.0134234,39.4989563,50
-83.9907256,33.0058447,35
-83.9654629,34.9969557,35
-83.9410257,37.9925553,40
-83.9295763,38.2051493,17
-83.9205469,35.9074137,20
-83.9166709,39.8881087,32
-83.9135034,31.6113295,71
-83.8637013,39.3611652,35
-83.8569684,30.2734632,35
-83.8484908,39.5569036,23
-83.8381378,34.1726911,66
-83.8122125,33.1053145,54
-83.8099149,35.7304657,30
-83.8064798,42.442593,32
-83.80112,30.6653217,137
-83.8,37.6333333,25
-83.7887419,32.3776397,101
-83.7864779,35.6068456,8
-83.7710499,36.1388087,86
-83.7588579,38.9081057,29
-83.7460488,32.546571900000004,42
-83.7075339,41.1974257,7
-83.7041676,33.6804525,52
-83.6735259,40.6744266,16
-83.6676053,30.2929508,48
-83.6478349,32.9464727,35
-83.6041811,33.6101913,94
-83.5781559,32.1468537,50
-83.5630719,37.7389457,18
-83.5415723,34.4948364,23
-83.5358349,35.6843537,3
-83.4580032,41.5440972,34
-83.4524425,32.3986852,38
-83.4309121,30.7949952,73
-83.4224989,43.3504847,14
-83.4163514,38.6696358,35
-83.40811,30.9398503,73
-83.3946338,31.911593,62
-83.3782062,29.6686989,43
-83.3399191,30.3506092,119
-83.3156813,34.0324127,108
-83.294801,35.516915,13
-83.2805093,34.6616003,46
-83.2572724,31.212031,60
-83.2549351,43.2370751,31
-83.2438622,31.7059705,64
-83.2158819,30.5193097,162
-83.2023406,35.0399431,10
-83.1869915,38.649962,13
-83.1776269,42.7553807,12
-83.1398269,31.2372355,63
-83.119901,33.1701743,33
-83.1032176,34.3932407,46
-83.1013189,35.7720827,5
-83.0957341,33.5197045,26
-83.0919895,38.4235754,20
-83.087075,41.4427171,17
-83.0674784,29.6862263,45
-83.0386289,40.5642137,59
-83.0293039,30.9276387,42
-83.029301,32.801282,28
-83.014022,34.926442,57
-82.9962929,41.0376017,46
-82.9529801,32.1747043,49
-82.9391858,31.9354092,68
-82.9128272,36.0465477,52
-82.9107789,39.1527143,46
-82.8822098,41.4083645,23
-82.8386369,35.1436807,15
-82.8309704,33.0291229,54
-82.810872,30.018918,53
-82.8023609,31.4577244,50
-82.7884369,38.8817267,19
-82.7652865,32.7366314,67
-82.7639629,40.4600977,32
-82.7626109,39.3754092,28
-82.7571502,32.4529818,23
-82.7559864,34.1982791,72
-82.7480769,36.7021737,51
-82.7337409,30.5026237,94
-82.7110995,30.8156483,51
-82.706828,30.6012759,65
-82.6803659,35.2667187,33
-82.6751939,39.1991097,23
-82.6486108,35.9105725,37
-82.6352619,28.2764097,36
-82.6332099,41.1609237,20
-82.6150863,38.6865963,21
-82.5826,29.09706,37
-82.5663679,28.6793707,28
-82.553544,33.8799945,36
-82.5089729,28.0402277,47
-82.4803579,33.7890197,35
-82.4803436,35.5865273,27
-82.469419,30.58495,20
-82.4578029,38.6295227,47
-82.4477379,37.2214017,27
-82.4080153,30.2200916,18
-82.406862,27.431856,14
-82.4003766,31.6994191,3
-82.4001619,37.8519437,24
-82.394802,29.1916199,30
-82.3863829,35.2966047,17
-82.380934,28.7995277,18
-82.3713072,32.1084995,35
-82.3672037,32.88997,52
-82.3594866,30.3790152,33
-82.3558447,31.9696201,87
-82.334936,27.769929,30
-82.3344147,40.6382548,33
-82.3022052,28.3266818,50
-82.2853793,39.2309737,16
-82.2851269,29.1871917,73
-82.2847853,39.3200896,14
-82.2729506,33.8064239,47
-82.2302919,31.1988887,12
-82.1997128,33.4876538,44
-82.1873953,28.5817572,38
-82.1719367,28.6471072,47
-82.1680389,39.3166637,38
-82.15584,35.055104,31
-82.1462286,27.6610372,21
-82.119094,29.4553574,53
-82.1092506,34.7522612,26
-82.1083506,40.8786396,28
-82.0911916,34.0395565,26
-82.077152,36.3180044,16
-82.071315,30.741228,16
-82.0547405,32.4826257,68
-82.0520239,38.8438867,43
-82.0294509,39.9930387,30
-81.981682,28.5723877,43
-81.9661949,38.2174027,30
-81.9587398,26.9950167,40
-81.9508764,36.8831551,22
-81.9476239,37.0178877,15
-81.9349163,37.813102,30
-81.9247336,26.8177916,23
-81.9184945,28.3029119,13
-81.9062085,30.7202649,36
-81.8999167,40.1062833,55
-81.8838039,39.4318937,35
-81.8827139,39.2701767,33
-81.8815194,36.0168463,13
-81.8774959,29.5359317,48
-81.8718895,40.2967664,40
-81.8605659,28.1788407,39
-81.8440915,32.6387756,53
-81.8343049,29.8970697,64
-81.8252707,34.2121984,33
-81.8082819,29.3967527,33
-81.7998809,38.5848407,25
-81.7896509,35.8568197,6
-81.7666849,37.5320007,32
-81.735572,34.388972,45
-81.7243649,38.2356237,38
-81.67438,33.54348,34
-81.6570333,25.9322682,9
-81.643174,31.3917301,69
-81.637766,32.8829954,101
-81.6361686,35.3743051,63
-81.6271416,31.6168883,38
-81.6004029,27.4972377,54
-81.5917809,37.4410297,27
-81.5907129,36.2714197,12
-81.5841149,40.3076787,32
-81.5755079,30.8733817,57
-81.5532319,39.0495129,32
-81.5469756,28.6901383,41
-81.4877504,36.5567273,21
-81.4772544,32.6981698,65
-81.4564775,35.5089219,34
-81.4548416,35.4626322,30
-81.4536353,27.7611546,19
-81.448561,26.2943143,21
-81.4181496,31.3641465,64
-81.4172305,40.1037173,62
-81.4097591,38.793062,26
-81.3585199,26.8751997,26
-81.3572843,33.7228886,42
-81.3554829,39.4158977,16
-81.3438119,29.8899427,45
-81.3372759,28.3225489,2
-81.2818969,34.4494097,54
-81.2589304,31.7275586,38
-81.2321019,37.7983327,26
-81.1983453,29.4080424,31
-81.1683844,40.6059796,30
-81.1552555,37.3039582,36
-81.126711,26.5587549,33
-81.1148229,37.6168997,24
-81.1034324,36.1431731,52
-81.0657464,35.8549613,36
-81.0505989,41.3256857,47
-81.0479519,33.1451427,54
-81.0334581,32.2511024,22
-81.0222682,38.7133034,29
-80.9900079,41.3710349,46
-80.9676799,25.7510497,26
-80.9673345,27.9626301,46
-80.9424,34.319833,46
-80.9335333,25.1388716,35
-80.902032,26.750328,39
-80.8712309,28.7481187,107
-80.8610815,35.6825702,50
-80.8195996,37.7296134,28
-80.7951792,38.8296121,25
-80.770042900000007,34.6203357,61
-80.7678799,40.2788528,69
-80.7420743,41.6803821,19
-80.7326693,37.9457139,9
-80.7304852,39.9139422,14
-80.7208082,35.9287265,56
-80.6889494,40.0890487,38
-80.6830998,32.5362314,25
-80.6631699,35.2425117,47
-80.6415019,36.2898447,43
-80.6053549,36.3460787,30
-80.5872959,39.5044097,42
-80.5737674,26.9941297,74
-80.5471555,27.2364427,71
-80.5425082,25.4912637,25
-80.5399018,26.3353906,76
-80.5391859,33.7674907,63
-80.5232839,38.2958347,7
-80.4945401,41.6375228,25
-80.4944239,38.7115697,21
-80.4614109,33.3222497,47
-80.4489977,27.8610752,57
-80.4444509,34.5830237,56
-80.4147339,25.618989,13
-80.4129866,37.1796296,31
-80.3742359,38.3420287,3
-80.368467,27.040791,36
-80.3392441,41.0816642,18
-80.3260179,40.0771657,30
-80.3204561,41.7146604,17
-80.3143619,37.6627657,16
-80.3072164,40.6944365,47
-80.3044289,38.7369447,15
-80.2919201,35.2194291,56
-80.2678139,26.8544437,32
-80.2609479,32.9525947,55
-80.2288669,38.0801867,9
-80.2141711,34.1944419,28
-80.2029429,39.4199317,50
-80.1728969,34.5478477,15
-80.1555591,32.6041275,54
-80.1512697,40.9179173,24
-80.0991062,39.1928067,18
-80.0595075,39.9302972,18
-80.0543589,33.6866717,36
-80.0474493,37.8008166,10
-80.0351733,41.0707632,15
-80.0236509,38.6064757,5
-79.9582379,41.8051937,14
-79.9481349,41.7528857,16
-79.935752,39.0940821,11
-79.873929,37.4881381,13
-79.858255,38.8093117,26
-79.8554411,34.8475995,48
-79.8498737,36.3766523,62
-79.8489868,39.5730496,6
-79.8369271,38.6777833,4
-79.8330619,41.0473847,17
-79.8181159,38.3707667,4
-79.7849141,34.0240154,20
-79.7308869,39.7005717,17
-79.7089598,40.9651065,24
-79.7044966,35.917637,59
-79.6994249,38.9091007,7
-79.6942904,33.2862522,11
-79.6916268,36.2588525,33
-79.6441292,37.6602479,37
-79.5781489,40.3748197,38
-79.5569899,40.8479343,17
-79.4955592,36.2956484,10
-79.4811859,40.4897627,27
-79.4688523,35.9898149,33
-79.4594489,38.2891547,4
-79.4290148,38.5618406,34
-79.4239119,34.5006527,87
-79.4174638,39.9853173,14
-79.4116839,41.9986107,27
-79.4087139,38.7894457,5
-79.3662002,40.8006168,24
-79.3606499,35.1749287,37
-79.3470999,41.5335247,5
-79.3326419,35.5906977,55
-79.3101889,39.3377737,7
-79.3092799,35.0090297,23
-79.291688,37.7588272,4
-79.2812189,34.9528807,36
-79.2656249,40.1983067,7
-79.2532438,36.6309512,23
-79.2376019,40.6243617,29
-79.2349941,40.6673234,30
-79.2333049,39.2175157,9
-79.2031479,41.3997727,15
-79.2005609,34.4715967,27
-79.1698659,39.4387843,9
-79.1662387,39.5399409,7
-79.1647743,38.1909534,38
-79.1632229,39.6733819,40
-79.1557785,39.5041468,5
-79.1534323,41.9931298,15
-79.1152367,36.4747308,38
-79.0916519,41.2987587,16
-79.076783,37.0463681,22
-79.073733,34.194067,57
-79.0688169,39.8744757,7
-79.0433273,41.6359508,9
-79.0022969,43.2572547,37
-78.9943469,40.4757717,24
-78.9557489,39.7803177,15
-78.9520912,36.0899346,23
-78.9262269,39.7216828,15
-78.9085878,35.5245603,40
-78.8989789,42.2769437,6
-78.8536599,34.9303027,62
-78.8506549,43.0697617,51
-78.8505629,41.5603287,2
-78.8453529,38.9686037,8
-78.8216099,42.6805707,34
-78.8155657,33.8544267,61
-78.8123259,39.6151476,24
-78.7872126,37.7014449,14
-78.7728889,38.2579487,2
-78.7489812,38.8197554,15
-78.6972222,42.9563889,2
-78.6894059,37.8976577,46
-78.6077306,41.6212967,11
-78.6014791,39.5429312,7
-78.5992368,34.3209605,13
-78.5908119,36.8559727,51
-78.5809019,34.8933417,31
-78.5766909,40.6677047,15
-78.5638129,38.8163337,18
-78.542888,37.908558,28
-78.5194925,38.7891925,7
-78.5094379,39.1823897,22
-78.5051729,38.5758867,32
-78.4863356,36.0593305,41
-78.4762746,39.6399863,19
-78.4653682,39.060195,19
-78.4454052,38.5124586,2
-78.4392029,36.4516207,54
-78.4102428,39.6919359,35
-78.3955159,41.6864267,20
-78.3611669,42.5957057,12
-78.3403929,41.9617687,11
-78.329529,40.335141,18
-78.2602839,37.2315367,38
-78.2125169,33.9225168,61
-78.2113363,36.176991,39
-78.203532,40.428119,12
-78.1992324,38.9058083,15
-78.178397,42.619592,28
-78.1771689,39.8666007,27
-78.1721466,38.4538015,29
-78.1386329,39.4443357,33
-78.1386279,40.5712157,24
-78.1154029,43.1496467,20
-78.103787,42.624922,16
-78.08346,41.6976452,2
-78.0698959,35.4161407,42
-78.0649572,41.1631773,3
-78.0608234,40.9149712,6
-78.0548779,34.4014777,66
-78.052876,35.2683392,31
-78.0169365,35.3169181,55
-78.0088473,36.6079187,34
-77.9795614,36.2540309,26
-77.962347,43.167391,39
-77.9559089,42.6940897,13
-77.9110382,41.6430967,6
-77.9050859,40.7036126,10
-77.902408,38.465847,31
-77.8942099,40.6956947,36
-77.8775469,34.1327657,65
-77.8655019,39.6129717,82
-77.8551519,39.4422397,45
-77.8356539,35.9991587,49
-77.833797,42.498842,1
-77.8286969,37.2478937,13
-77.8241719,40.7666107,7
-77.8218239,37.9811797,31
-77.7928721,34.5909333,49
-77.7742082,40.6860806,3
-77.7472321,40.6503909,2
-77.7211309,35.8648907,54
-77.7112775,35.2819414,41
-77.6852029,40.3760787,19
-77.668064,40.238028,26
-77.6299645,34.7739701,46
-77.6223439,37.2171627,21
-77.591937,42.711382,33
-77.584975,39.2649107,32
-77.5572209,42.9708677,20
-77.5489971,39.5780009,39
-77.5415709,40.7019007,29
-77.4911579,39.7442404,10
-77.4844579,43.1820467,40
-77.4434709,35.9691437,23
-77.4085679,42.6074657,52
-77.4017208,41.8772966,7
-77.3969039,40.5680517,23
-77.3695842,40.3267106,13
-77.3607189,34.9002767,31
-77.3304347,39.7148359,80
-77.3066703,39.2945828,85
-77.2939995,41.0712247,12
-77.2775949,41.4517767,4
-77.2581629,42.7793497,26
-77.2415709,41.2725507,16
-77.2310819,35.7523027,20
-77.225107,42.665781,25
-77.2184791,38.1740529,53
-77.1960089,35.1020747,15
-77.118887,42.904651,48
-77.0930269,39.1514457,104
-77.0780349,38.6021387,44
-77.0695279,35.045768700000004,16
-77.0638289,40.0572077,36
-77.0558732,38.5960742,39
-77.0343089,41.2137917,1
-77.0236228,39.6423121,42
-77.0169099,39.0308897,123
-77.0140105,35.6115051,10
-76.996044,35.266597,43
-76.9896438,35.6919219,36
-76.9863819,37.0842847,35
-76.9786679,36.3581287,34
-76.9692792,39.6359624,40
-76.9628251,41.546735,4
-76.9600889,37.2558307,24
-76.9359209,34.7300597,18
-76.932647,42.803411,50
-76.9257639,35.2353943,16
-76.9073399,41.4410897,13
-76.9044781,35.0476517,40
-76.903319,41.8749574,7
-76.9000469,37.4400627,36
-76.8883173,39.9214279,51
-76.8406989,38.5217447,26
-76.8406017,34.9312881,51
-76.8166667,38.7166667,30
-76.7997409,37.7338847,34
-76.7674909,40.4840637,11
-76.7205313,36.2872477,28
-76.7190419,40.2118951,22
-76.6985329,42.9526277,32
-76.684878,43.261571000000004,12
-76.6789481,37.8800004,18
-76.6695275,38.9888945,87
-76.664268,39.231288,52
-76.6638159,41.3121387,10
-76.65516,34.95713,41
-76.6333469,42.5515907,18
-76.5743599,38.5019497,65
-76.5507449,38.4092014,76
-76.543981,35.4900673,17
-76.4792479,41.1152527,19
-76.4739316,37.4990712,41
-76.4670089,39.7690727,21
-76.464419,40.1439152,35
-76.4627658,40.2721512,19
-76.4559998,41.2289,12
-76.341428,37.6595013,16
-76.3233736,40.2953187,25
-76.283221,40.18613,21
-76.2827769,41.6174687,22
-76.2432656,38.3676908,25
-76.2415237,41.4430932,7
-76.2101023,38.5258637,41
-76.192383,39.10312,41
-76.1717449,40.2005127,17
-76.1634009,42.2073307,13
-76.1481269,39.2640947,45
-76.1280033,41.0609183,23
-76.110868,43.651181,10
-76.075195,38.7863193,60
-76.0658601,41.9588688,3
-76.036148,42.036872,15
-76.0264589,43.1693497,25
-76.0235889,41.7460317,1
-76.0167249,36.7293227,31
-76.0089199,36.1860407,43
-76.0044449,42.3591667,6
-75.9991309,40.6899507,15
-75.9949941,40.6352688,38
-75.9610008,40.7874732,53
-75.9331139,38.8211117,25
-75.9245906,36.4199384,40
-75.9042529,39.5231571,48
-75.8611599,35.8639187,11
-75.8178319,39.9160397,27
-75.8170428,39.7863078,25
-75.8032509,42.0123327,19
-75.7964256,38.5203297,23
-75.7927799,41.7057127,17
-75.789865699999993,38.4485307,38
-75.7640082,39.276509,52
-75.7014799,44.1487467,9
-75.6860679,39.5003037,38
-75.6611919,40.2282327,50
-75.6392639,39.3705837,22
-75.6172024,41.9413666,5
-75.6038909,42.4021987,10
-75.5797027,38.1651924,92
-75.5666203,38.3003961,32
-75.5570359,42.3180237,9
-75.5366119,38.9594417,48
-75.5231529,40.829387,6
-75.468728,42.903801,17
-75.468143,39.6959057,64
-75.4650939,44.6984127,15
-75.4638509,38.7324037,28
-75.4610252,40.168557,73
-75.4329919,38.5040677,35
-75.432624,38.2504,30
-75.4288763,37.9864539,14
-75.3893569,41.1159967,8
-75.3494715,39.3852634,26
-75.3435909,40.8040057,5
-75.3145748,41.8845178,5
-75.2922457,40.4295725,36
-75.276335,38.563044,41
-75.2677314,41.549667,5
-75.2513179,41.3403297,5
-75.2351111,38.6736346,14
-75.231938,41.2581129,10
-75.156018,42.569391,7
-75.1462189,39.8314157,15
-75.1181628,38.3112181,31
-75.1074594,39.5314149,35
-75.0998799,42.4378997,12
-75.0997599,40.6572687,25
-75.0589721,40.8833603,23
-74.9307429,40.5089177,37
-74.927578,42.386341,12
-74.9252479,42.5913477,10
-74.924025,40.51139,21
-74.7967659,41.1181687,22
-74.7210849,44.5376687,7
-74.7198716,40.7140195,22
-74.6772749,41.3073947,13
-74.585006,39.7511224,3
-74.5820889,40.0764087,27
-74.5802369,41.5334407,14
-74.5547951,39.2953945,6
-74.5197857,40.4002128,11
-74.4044889,40.6556297,10
-74.3851971,40.9884812,32
-74.329198,41.985822,16
-74.2556528,41.0726673,20
-74.2280982,39.9994195,10
-74.1800609,40.4377267,26
-74.1520169,42.4363317,5
-73.7953919,43.5327757,6
-73.7328189,42.8235737,17
-73.6805499,41.3311577,22
-73.676619,42.320431,22
-73.5313225,41.3362789,42
-73.5009399,41.5387127,12
-73.4887779,44.4433387,19
-73.409239,43.217821,10
-73.392019,40.900112,33
-73.351651,42.112085,7
-73.350226,41.7487967,14
-73.312309,43.199431,16
-73.2805777,42.8089741,11
-73.2760665,44.7616696,5
-73.2470699,41.2521947,45
-73.2167392,41.5493443,19
-73.1718258,44.5286856,20
-73.0950522,43.6132776,16
-73.0190299,43.4057997,12
-72.9557559,41.8805267,18
-72.9270422,41.7378788,18
-72.907824,42.638288,9
-72.8904029,44.6655427,3
-72.8512329,41.5832977,32
-72.8474923,42.3761743,10
-72.7210716,43.7503293,5
-72.6842749,42.8198757,2
-72.634109,40.797702,20
-72.5906625,41.5651229,31
-72.5853589,43.4717157,5
-72.514409,42.2307416,14
-72.4984279,41.2710807,40
-72.3814817,43.0263963,5
-72.3589728,42.2697823,50
-72.3458975,44.563679,1
-72.2798896,42.6138086,10
-72.2608612,43.8966381,3
-72.2121162,43.0768236,8
-72.1685998,42.8007764,18
-72.1530946,41.417728,25
-72.1450781,44.1202726,2
-72.1389149,41.9407577,15
-72.1318885,43.5045711,1
-72.1014521,42.4730445,5
-72.0992679,42.3839807,15
-71.9642159,41.3360007,22
-71.9519914,44.4324199,2
-71.8990443,42.1503703,43
-71.8805982,43.4568165,5
-71.8661202,42.9015085,14
-71.8536769,44.6832207,2
-71.8486346,42.4447746,23
-71.7364119,41.9898687,34
-71.7063079,44.1798777,2
-71.7014909,41.3985827,21
-71.686612,43.1841551,24
-71.6191959,43.2494327,12
-71.6070436,43.3742607,5
-71.5305739,42.5199697,17
-71.4546814,41.6039129,24
-71.4311953,42.4344551,35
-71.3885019,44.3571867,1
-71.2929175,43.9913408,3
-71.2880123,43.1980043,12
-71.2050191,44.0894974,2
-71.1982777,43.2499219,21
-71.118451,42.0067334,69
-71.0882199,42.6223798,19
-71.0799209,41.9386087,25
-71.0680056,42.9513695,47
-70.979445,43.9167261,1
-70.9134599,43.2321417,29
-70.8662472,42.0823387,87
-70.7828989,41.3440727,14
-70.7712211,41.7147936,43
-70.7139509,43.0811777,33
-70.6441649,43.2540347,24
-70.5150099,43.4994247,5
-70.1656255,41.750876,27
-70.040604,41.9783157,42
-69.8609276,44.324762,5
-69.69907,44.9036271,3
-69.5938347,45.4006104,1
-69.4360208,44.9876199,2
-69.2750259,44.4996857,2
-69.1551509,44.5892047,5
-68.9653549,44.8325017,7
-68.9269629,44.4594758,3
-68.4164439,45.8165007,2
-68.2555749,44.8325837,1
